model,mean_score,std_dev_score,z_interval_error,ci_lower,ci_upper
claude-3-opus-20240229,43.0,49.5488831327155,3.964736379331669,39.0,47.0
gpt-4o,41.166666666666664,49.254599597649495,3.9411887923116065,37.166666666666664,45.166666666666664
gpt-4-turbo-preview,32.666666666666664,46.93855133638167,3.7558663346259054,29.0,36.5
gemini-1_5-pro,31.333333333333332,46.42356586909508,3.7146589150457427,27.5,35.0
open-mixtral-8x22b,29.0,45.41406605512693,3.63388210668363,25.495833333333337,32.666666666666664
meta_llama3-70b-instruct-v1_0,28.166666666666668,45.01870012736346,3.602246243716679,24.666666666666668,31.833333333333332
command-r,25.5,43.62248887779278,3.490526075987005,22.0,29.0
mistral-large-latest,24.833333333333332,43.240665437386795,3.459973837693269,21.333333333333332,28.333333333333332
gemini-1_0-pro,21.166666666666668,40.883060019399196,3.2713261149228408,18.0,24.5
