model,mean_score,std_dev_score,z_interval_error,ci_lower,ci_upper
gpt-4o,42.833333333333336,49.52501152784944,3.962826253123738,38.833333333333336,46.833333333333336
claude-3-opus-20240229,40.666666666666664,49.16215092964239,3.9337913582203723,36.666666666666664,44.666666666666664
gpt-4-turbo-preview,32.833333333333336,46.99986383906186,3.760772356608942,29.0,36.666666666666664
gemini-1_5-pro,31.833333333333332,46.62182836779516,3.730523218972593,28.166666666666668,35.5
open-mixtral-8x22b,30.666666666666668,46.14945115555371,3.692725169859669,27.0,34.333333333333336
mistral-large-latest,30.0,45.86399288190886,3.66988375082567,26.333333333333332,33.666666666666664
meta_llama3-70b-instruct-v1_0,26.833333333333332,44.34617451610186,3.5484329872228995,23.333333333333332,30.5
command-r,26.5,44.17014454865505,3.534347656299908,23.0,30.166666666666668
gemini-1_0-pro,19.333333333333332,39.524159120034234,3.1625913969840327,16.333333333333332,22.666666666666668
