model,mean_score,std_dev_score,z_interval_error,ci_lower,ci_upper
gpt-4o,57.46666666666667,34.09972913841498,3.858747608282014,53.6,61.266666666666666
gemini-1_5-pro,53.93333333333333,35.29894626728714,3.994451801387559,49.93333333333333,57.93333333333333
claude-3-opus-20240229,52.6,35.94737885886463,4.067828856722083,48.6,56.6
gpt-4-turbo-preview,50.13333333333333,34.71791084344412,3.9287014535481224,46.266666666666666,54.06666666666667
mistral-large-latest,49.333333333333336,34.59593160813863,3.9148982036576445,45.4,53.266666666666666
meta_llama3-70b-instruct-v1_0,46.8,32.45413537609697,3.672531143958403,43.06666666666667,50.4
open-mixtral-8x22b,44.2,33.43780729237112,3.7838441001068137,40.46666666666667,48.0
gemini-1_0-pro,39.666666666666664,34.83197444448456,3.941608965098147,35.733333333333334,43.6
command-r,27.066666666666666,32.47940776324378,3.6753909837847694,23.466666666666665,30.8
