model,mean_score,std_dev_score,z_interval_error,ci_lower,ci_upper
gpt-4o,44.166666666666664,49.69999031473114,3.9768274720836696,40.333333333333336,48.166666666666664
claude-3-opus-20240229,41.5,49.313314682835376,3.9458869776093155,37.5,45.5
gpt-4-turbo-preview,33.5,47.23842837343328,3.7798614950201403,29.833333333333332,37.333333333333336
gemini-1_5-pro,31.666666666666668,46.55643232903015,3.7252904460509244,27.833333333333332,35.333333333333336
open-mixtral-8x22b,28.5,45.17910933015882,3.6150816531485916,24.833333333333332,32.166666666666664
meta_llama3-70b-instruct-v1_0,27.666666666666668,44.77234817187516,3.582533981839296,24.166666666666668,31.333333333333332
mistral-large-latest,25.666666666666668,43.715832512290305,3.4979951223120276,22.166666666666668,29.166666666666668
command-r,23.666666666666668,42.5390586175694,3.4038335998786944,20.333333333333332,27.166666666666668
gemini-1_0-pro,22.833333333333332,42.010876509908556,3.361570229147491,19.5,26.166666666666668
